{
  "feature_names": [
    "hp_diff",
    "attack_diff",
    "defense_diff",
    "sp_attack_diff",
    "sp_defense_diff",
    "speed_diff",
    "stat_total_diff",
    "best_move_score_diff",
    "average_move_score_diff",
    "best_effectiveness_diff",
    "stab_move_count_diff"
  ],
  "means": [
    -0.07604166666666666,
    0.2708333333333333,
    -0.2552083333333333,
    0.28020833333333334,
    -0.09166666666666666,
    0.26510416666666664,
    0.3932291666666667,
    0.6055338541666667,
    -0.0009914822048610976,
    0.010677083333333334,
    -0.0078125
  ],
  "scales": [
    38.55100043230522,
    42.385305818237946,
    41.927907794688856,
    41.45025412012891,
    37.99825836652108,
    41.19235910878962,
    160.24819634967028,
    149.18114383336504,
    75.22441288541485,
    1.0,
    1.0
  ],
  "weights": [
    0.303629080688828,
    0.6698859336351017,
    0.3252765066404496,
    0.393458090605195,
    0.18934467141200104,
    0.802144562647877,
    0.6881988274395874,
    0.6303200379568933,
    0.42613816315683245,
    0.18537719571909772,
    0.16569105639902873
  ],
  "bias": 0.016565126387851275,
  "metadata": {
    "battle_count": 1200,
    "repeat_count": 3,
    "seed": 7,
    "training_examples": 1920,
    "validation_examples": 480,
    "training_accuracy": 0.8516,
    "validation_accuracy": 0.8479
  }
}